,City,total_req,avg_res_time,median_res_time,sr_per_1000
0,Chicago,2411831,48743.89977937235,5987.916666666667,880.0276286738346
