,City,total_req,avg_res_time,median_res_time,sr_per_1000
0,Chicago,2415606,48742.062853003285,5955.625,881.4050486913416
